Id|Name|Department|Aisle
1|Chocolate Sandwich Cookies|snacks|cookies cakes
2|All-Seasons Salt|pantry|spices seasonings
3|Robust Golden Unsweetened Oolong Tea|beverages|tea
4|Smart Ones Classic Favorites Mini Rigatoni With Vodka Cream Sauce|frozen|frozen meals
5|Green Chile Anytime Sauce|pantry|marinades meat preparation
6|Dry Nose Oil|personal care|cold flu allergy
7|Pure Coconut Water With Orange|beverages|juice nectars
8|Cut Russet Potatoes Steam N' Mash|frozen|frozen produce
9|Light Strawberry Blueberry Yogurt|dairy eggs|yogurt
10|Sparkling Orange Juice & Prickly Pear Beverage|beverages|water seltzer sparkling water
11|Peach Mango Juice|beverages|refrigerated
12|Chocolate Fudge Layer Cake|frozen|frozen dessert
13|Saline Nasal Mist|personal care|cold flu allergy
14|Fresh Scent Dishwasher Cleaner|household|dish detergents
15|Overnight Diapers Size 6|babies|diapers wipes
16|Mint Chocolate Flavored Syrup|snacks|ice cream toppings
17|Rendered Duck Fat|meat seafood|poultry counter
18|Pizza for One Suprema  Frozen Pizza|frozen|frozen pizza
19|Gluten Free Quinoa Three Cheese & Mushroom Blend|dry goods pasta|grains rice dried goods
20|Pomegranate Cranberry & Aloe Vera Enrich Drink|beverages|juice nectars
21|Small & Medium Dental Dog Treats|pets|dog food care
22|Fresh Breath Oral Rinse Mild Mint|personal care|oral hygiene
23|Organic Turkey Burgers|meat seafood|packaged poultry
24|Tri-Vi-Sol® Vitamins A-C-and D Supplement Drops for Infants|personal care|vitamins supplements
25|Salted Caramel Lean Protein & Fiber Bar|snacks|energy granola bars
26|Fancy Feast Trout Feast Flaked Wet Cat Food|pets|cat food care
27|Complete Spring Water Foaming Antibacterial Hand Wash|personal care|body lotions soap
28|Wheat Chex Cereal|breakfast|cereal
29|Fresh Cut Golden Sweet No Salt Added Whole Kernel Corn|canned goods|canned jarred vegetables
30|Three Cheese Ziti, Marinara with Meatballs|frozen|frozen meals
31|White Pearl Onions|produce|packaged vegetables fruits
32|Nacho Cheese White Bean Chips|snacks|chips pretzels
33|Organic Spaghetti Style Pasta|dry goods pasta|dry pasta
34|Peanut Butter Cereal|breakfast|cereal
35|Italian Herb Porcini Mushrooms Chicken Sausage|meat seafood|hot dogs bacon sausage
36|Traditional Lasagna with Meat Sauce Savory Italian Recipes|frozen|frozen meals
37|Noodle Soup Mix With Chicken Broth|canned goods|soup broth bouillon
38|Ultra Antibacterial Dish Liquid|missing|missing
39|Daily Tangerine Citrus Flavored Beverage|beverages|energy sports drinks
40|Beef Hot Links Beef Smoked Sausage With Chile Peppers|meat seafood|hot dogs bacon sausage
41|Organic Sourdough Einkorn Crackers Rosemary|snacks|crackers
42|Biotin 1000 mcg|personal care|vitamins supplements
43|Organic Clementines|produce|packaged vegetables fruits
44|Sparkling Raspberry Seltzer|beverages|water seltzer sparkling water
45|European Cucumber|produce|fresh vegetables
46|Raisin Cinnamon Bagels 5 count|frozen|frozen breads doughs
47|Onion Flavor Organic Roasted Seaweed Snack|international|asian foods
48|School Glue, Washable, No Run|household|more household
49|Vegetarian Grain Meat Sausages Italian - 4 CT|deli|tofu meat alternatives
50|Pumpkin Muffin Mix|pantry|doughs gelatins bake mixes
51|Sa Extra Hold Mousse Hair Styling|personal care|hair care
52|Mirabelle Brut Rose|alcohol|specialty wines champagnes
53|Whole Leaf Pure Aloe With Lemon Juice|beverages|juice nectars
54|24/7 Performance Cat Litter|pets|cat food care
55|Lasting Color Shampoo|personal care|hair care
56|Healthy Pop Butter Popcorn|snacks|popcorn jerky
57|Flat Toothpicks|household|plates bowls cups flatware
58|Whole Wheat Tortillas|bakery|tortillas flat bread
59|Medium Taqueria Style Chipotle Salsa|snacks|fruit vegetable snacks
60|Cheesy Creations Roasted Garlic Parmesan Sauce|dry goods pasta|pasta sauce
61|Ramen Noodles Soup Chicken Mushroom Flavor|canned goods|soup broth bouillon
62|Premium Deli Oven Roasted Turkey Breast|deli|lunch meat
63|Banana & Sweet Potato Organic Teething Wafers|babies|baby food formula
64|Autumn Vegetable & Turkey Dinner with Lil' Bits Purees Dinner|babies|baby food formula
65|Organic Red Wine & Olive Oil Dressing Organic|pantry|salad dressing toppings
66|European Style Spring Mix|produce|packaged vegetables fruits
67|Jelly, Blackberry|pantry|spreads
68|Pancake Mix, Buttermilk|breakfast|hot cereal pancake mixes
69|Vanilla with Almond Milk Iced Coffee|beverages|coffee
70|Sweet Cooking Rice Seasoning|international|asian foods
71|Ultra 7 Inch Polypropylene Traditional Plates|household|plates bowls cups flatware
72|Organic Honeycrisp Apples|missing|missing
73|Jasmine Tea Unfiltered Ginger Ale|beverages|soft drinks
74|Artisan Chick'n & Apple Sausage|deli|tofu meat alternatives
75|Hemp Protein, Organic|personal care|protein meal replacements
76|Spinach Basil Garlic Linguini|dry goods pasta|fresh pasta
77|Coconut Chocolate Chip Energy Bar|snacks|energy granola bars
78|Nutter Butter Cookie Bites Go-Pak|snacks|cookies cakes
79|Wild Albacore Tuna No Salt Added|canned goods|canned meat seafood
80|French  Tarragon Wine Vinegar|pantry|oils vinegars
81|Blakes Chicken Parmesan Dinner|frozen|frozen meals
82|All Natural 100% Apple Juice|beverages|juice nectars
83|100% Whole Wheat Pita Bread|bakery|tortillas flat bread
84|Lamb Shank|meat seafood|packaged meat
85|Soppressata Piccante|deli|lunch meat
86|Camilia, Single Liquid Doses|other|other
87|Classics Earl Grey Tea|beverages|tea
88|Probiotics High Potency Capsules|personal care|vitamins supplements
89|Yogurt Fruit Dip Sliced Apples|produce|packaged vegetables fruits
90|Smorz Cereal|breakfast|cereal
91|Kind Prenatal Once Daily|personal care|vitamins supplements
92|Meat In The Middle Large Rawhide Chews|pets|dog food care
93|Uncured Cracked Pepper Beef|snacks|popcorn jerky
94|Organic Blueberry Blitz Fruit & Veggie Smoothie Mashups|babies|baby food formula
95|Organic Rice Vinegar|international|asian foods
96|Sprinklez Confetti Fun Organic Toppings|pantry|baking supplies decor
97|Organic Chamomile Lemon Tea|beverages|tea
98|2% Yellow American Cheese|dairy eggs|specialty cheeses
99|Local Living Butter Lettuce|produce|fresh vegetables
100|Peanut Butter & Strawberry Jam Sandwich|frozen|frozen meals
101|Bread, Healthy Whole Grain|bakery|bread
102|Danish Butter Cookies|snacks|cookies cakes
103|Sprouted Kale Cracker|snacks|crackers
104|High Fiber Tomato Basil Soup|canned goods|soup broth bouillon
105|Easy Grab 9\""x13\"" Oblong Glass Bakeware|household|kitchen supplies
106|Organic Yummy Tummy Maple & Brown Sugar Instant Oatmeal|babies|baby food formula
107|Mild Salsa Divino|pantry|preserved dips spreads
108|Organic Sprouted Barley Bread|bakery|bread
109|Grape Leaf Hummus Wrap|deli|prepared meals
110|Uncured Turkey Bologna|missing|missing
111|Fabric Softener, Geranium Scent|household|laundry
112|Hot Tomatillo Salsa|pantry|preserved dips spreads
113|Infant's Blend Probiotic|personal care|digestion
114|Light Savory Beef Barley Vegetable Soup|canned goods|soup broth bouillon
115|Scooby-Doo! Fruit Flavored Snacks|snacks|fruit vegetable snacks
116|English Muffins|bakery|breakfast bakery
117|Petit Suisse Fruit|dairy eggs|specialty cheeses
118|Ground Turkey Chub|frozen|frozen meat seafood
119|Chardonnay Paso Robles|alcohol|white wines
120|Cauliflower Florettes|produce|packaged vegetables fruits
121|Sharp Cheddar|dairy eggs|packaged cheese
122|Pomegranate Molasses|pantry|honeys syrups nectars
123|Sherry Reserve Vinegar|pantry|oils vinegars
124|Sun Cups Dark Chocolate|snacks|candy chocolate
125|Herbal Armor DEET-Free Natural Insect Repellant|personal care|first aid
126|Hot & Spicy Chicken Flavor Ramen Noodles|dry goods pasta|instant foods
127|Marscapone|dairy eggs|other creams cheeses
128|Organic Wild Blueberries|frozen|frozen produce
129|Traditional Chicken & Orzo with Lemon Soup|canned goods|soup broth bouillon
130|Vanilla Milk Chocolate Almond Ice Cream Bars Multi-Pack|frozen|ice cream ice
131|Brioche Bachelor Loaf|bakery|breakfast bakery
132|Yogurt Strawberry Pomegranate|dairy eggs|yogurt
133|Purifying Daily Detox Scrub|personal care|skin care
134|Stain Release Boost In-Wash Stain Remover Pacs|household|laundry
135|Dark Chocolate Ice Cream Topping|snacks|ice cream toppings
136|Simple|snacks|candy chocolate
137|Very Vanilla Soymilk|dairy eggs|soy lactosefree
138|Olli Napoli Salami|deli|lunch meat
139|Zita Cut, No. 118|dry goods pasta|dry pasta
140|Chips Onion Chipotle Garlic|snacks|chips pretzels
141|Restaurant Style Organic Chia & Quinoa Tortilla Chips|snacks|chips pretzels
142|Arugula Salad|produce|packaged vegetables fruits
143|Organic Lemons|produce|fresh fruits
144|Coarse Grind Garlic Powder & Parsley Blend|pantry|spices seasonings
145|Traditional Water Crackers|snacks|crackers
146|Anti Diarrheal Caplets|personal care|digestion
147|Organic Ranch Veggie Dip|deli|fresh dips tapenades
148|Nectarines|produce|fresh fruits
149|Wild Blueberry All Natural Fruit Spread|pantry|spreads
150|Brut Rosé|alcohol|specialty wines champagnes
151|Aromatherapaes Stress Reducing Lavender & Chamomile Spa Bath|personal care|beauty
152|3 in 1 Soap for Every Man, Cucumber & Lemon|personal care|soap
153|Fabric Refresher Meadows & Rain Air Freshener (1 Count, 27 oz)  Air Care|household|laundry
154|Corn Dogs, Mini, Honey Crunchy Flavor|frozen|frozen appetizers sides
155|Artisan Ciabatta|frozen|frozen breads doughs
156|Extra Spearmint Sugar-Free Gum|snacks|mint gum
157|Living Organic Cilantro|produce|fresh herbs
158|Smoked Ham & Oven Roasted Turkey Sub Sandwich Kit|deli|lunch meat
159|Calcium Adult Gummy Vitamins, Orange Cherry & Strawberry|personal care|vitamins supplements
160|100% Recycled Aluminum Foil|pantry|baking supplies decor
161|Hacho Miso Aged & Fermented Soybeans|international|asian foods
162|Organic Mini Homestyle Waffles|frozen|frozen breakfast
163|Dressing Bleu Cheese|pantry|salad dressing toppings
164|Peanut Butter Cacao Quinoa Clusters|snacks|energy granola bars
165|Wild Chanterelle Mushroom Ravioli|dry goods pasta|fresh pasta
166|Garlic Parmesan Pita Bread Chips|snacks|chips pretzels
167|Sparkling Blush Grape Juice|beverages|soft drinks
168|Halves & Pieces Walnuts|pantry|baking ingredients
169|Extra Sharp Cheddar Cheese|dairy eggs|packaged cheese
170|Single Herbs Ginkgo Leaf Dietary Supplement|personal care|vitamins supplements
171|Steakhouse Onion Burger with Garlic Seasoning|pantry|marinades meat preparation
172|Gluten Free All Natural Chocolate Chip Cookies|snacks|cookies cakes
173|Habanero Lime Shrimp Flavor Ramen Noodle Soup|dry goods pasta|instant foods
174|Vanishing Acne Treatment Cream|personal care|facial care
175|T Bone Steak|meat seafood|meat counter
176|Original Turkey|deli|lunch meat
177|Citrus Terere Yerba Mate|beverages|tea
178|Vegan Santa Fe Style Flour Tortilla Rolled Tacos|frozen|frozen vegan vegetarian
179|Penne Rigate With Spinach|dry goods pasta|dry pasta
180|Simply Beyond Black Bean Tortilla Chips|snacks|chips pretzels
181|Country Style Baked Beans|canned goods|canned meals beans
182|Acti-Fresh Body Shape Long Unscented To Go Panty Liners|personal care|feminine care
183|Cookie Dough Performance Energy|snacks|energy granola bars
184|Kisses Milk Chocolate Candy|snacks|candy chocolate
185|Chicken Nugget Meal|frozen|frozen meals
186|Fresh Scent Dishwasher Detergent with Dawn|household|dish detergents
187|Wild Sardines in Marinara Sauce|canned goods|canned meat seafood
188|Mild El Nino Salsa|deli|fresh dips tapenades
189|Healthfull Nuts & Seeds Bread|bakery|bread
190|Classic Culinary Low Sodium Vegetable Broth|canned goods|soup broth bouillon
191|Medium Spicy Butter Chicken Simmer Sauce|dry goods pasta|pasta sauce
192|Israeli Style Gefilte Fish|international|kosher foods
193|fruitwater® Strawberry Kiwi Sparkling Water|beverages|juice nectars
194|Lamb Rib Chops|meat seafood|meat counter
195|Grade A Pasteurized 2% Milkfat Lowfat Cottage Cheese with Pineapple|dairy eggs|other creams cheeses
196|Soda|beverages|soft drinks
197|Cold Brew Coffee Tahitian Vanilla|beverages|coffee
198|Tzatziki Cucumber Sauce|deli|fresh dips tapenades
199|Herb Thyme Clamshell|produce|fresh herbs
200|Radiant Pantiliners Regular Wrapped Unscented|personal care|feminine care
201|Sloppy Joe|frozen|frozen meals
202|Spinach & Feta Pierogi|frozen|frozen meals
203|Rescue Remedy, Spray|personal care|cold flu allergy
204|Free & Clear Natural Laundry Detergent For Sensitive Skin|household|laundry
205|Chocolate Mint Cookie Crunch Nutrition Bar|snacks|energy granola bars
206|Roasted Vegetable Soufflé|frozen|frozen meals
207|Minis Candy Bars|snacks|candy chocolate
208|Vanilla Almond Cashew Almondmilk Cashewmilk Blend|dairy eggs|soy lactosefree
209|Italian Pasta Salad|deli|prepared soups salads
210|Homemade Hot Arrabbiata Fra Diavolo Sauce|dry goods pasta|pasta sauce
211|Gluten Free Organic Cereal Coconut Maple Vanilla|breakfast|hot cereal pancake mixes
212|Organic Blue Corn Sea Salt Tortilla Chips|snacks|chips pretzels
213|Tapatio Salsa Picante Hot Sauce Tortilla Chips|snacks|chips pretzels
214|Argan Oil of Morocco Renewing Weightless Healing Dry Oil Hair Oil|personal care|hair care
215|Sambal Oelek Ground Fresh Chili Paste|international|asian foods
216|Gluten Free Oatmeal, Variety Pack|breakfast|hot cereal pancake mixes
217|String Cheese, Mozzarella|dairy eggs|other creams cheeses
218|6\"" Organic Carrot Cake|bakery|bakery desserts
219|Totz Toothbrush Extra Soft 18+ Months|babies|baby accessories
220|Tegaderm Waterproof Transparent Dressing|personal care|first aid
221|Cayenne Lemonade Made With Raw Tristate Honey|beverages|refrigerated
222|Honey Nut Oatmeal Squares|breakfast|cereal
223|Kiwi Strawberry Sparkling Water|beverages|water seltzer sparkling water
224|Foaming Hand Soap Kid Watermelon|household|cleaning products
225|3 Seed Blue Corn Dipping Chips|snacks|chips pretzels
226|Shaved Parmesan Cheese|dairy eggs|packaged cheese
227|Triple Chocolate Snack Size|snacks|candy chocolate
228|Organic Soups Lentil|canned goods|soup broth bouillon
229|EcoNet Recycled Bath Sponge|personal care|skin care
230|Vanilla Cream Soda|beverages|soft drinks
231|Low Sodium Turkey|meat seafood|packaged poultry
232|Blue Bottle Coffee Frozen Bar|frozen|ice cream ice
233|Chinese Breakfast Black Tea|beverages|tea
234|Tennessee Whiskey|alcohol|spirits
235|Gluten Free Blueberry Muffin Mix|pantry|doughs gelatins bake mixes
236|Chicken Meatballs Dog Treats|pets|dog food care
237|Brambleberry Herbal Tea|beverages|tea
238|Alpha-Bits Multigrain Cereal|breakfast|cereal
239|Chicharrones Picante Flavor Pork Rinds|snacks|chips pretzels
240|Nature's Seasons Seasoning Blend|pantry|spices seasonings
241|Shrimp with Pasta & Vegetables|frozen|frozen meals
242|Original Red Twists|snacks|candy chocolate
243|Taco Reduced Sodium Seasoning Mix|pantry|marinades meat preparation
244|Organic Roasted Garlic Pasta Sauce|dry goods pasta|pasta sauce
245|Poppy Seed Bagels|bakery|breakfast bakery
246|Triple-Acting Laundry Stain Remover|household|laundry
247|Perfectly Thymed Pita Crisps Baked|snacks|chips pretzels
248|Dried Sweetened Cranberries|snacks|nuts seeds dried fruit
249|Pinot Grigio, California, 2010|alcohol|white wines
250|Authentic Deep Dish, Spinach & Garlic Pizza|frozen|frozen pizza
251|Extra Strength Melatonin Adult Gummies|personal care|vitamins supplements
252|Waffles, Red Berry|breakfast|cereal
253|Organic Vegetable Greens & Greens Juice Blend|beverages|refrigerated
254|Honey Mustard|pantry|condiments
255|Cold Remedy, Quick Dissolve Tablets, Cherry Flavor|personal care|cold flu allergy
256|Island Fruits Fruit Snacks|snacks|fruit vegetable snacks
257|Key Lime Soda|beverages|soft drinks
258|Vegetable Pot Pie|frozen|frozen meals
259|Imported Italian Solid Light Tuna In Pure Olive Oil|canned goods|canned meat seafood
260|Cantaloupe|produce|fresh fruits
261|Organic Southwestern Burrito|frozen|frozen meals
262|Petite Dill Pickles|pantry|pickled goods olives
263|Red Food Color|pantry|baking supplies decor
264|Non-Fat Blueberry on the Bottom Greek Yogurt|dairy eggs|yogurt
265|Glass Storage Container with Green Silicone Protection|household|food storage
266|Rio Berry|beverages|energy sports drinks
267|Triple Chocolate Ripple|frozen|ice cream ice
268|Sponge Mop|household|cleaning products
269|Stuffed Crust Five Cheese Pizza|frozen|frozen pizza
270|OneZip Storage Bags Quart Size Value Pack|household|food storage
271|TAI PEI      14OZ.SWEET & SOUR CHKN|frozen|frozen meals
272|Propolis Herbal Supplement|personal care|vitamins supplements
273|Thin Stackers Brown Rice  Salt Free|snacks|chips pretzels
274|Snack Bags|household|more household
275|Caramel Sauce|snacks|ice cream toppings
276|French Vanilla Ice Cream|frozen|ice cream ice
277|Diet Root Beer|beverages|soft drinks
278|Instant Mashed Potatoes|dry goods pasta|instant foods
279|Everyday Detox Dandelion Tea|beverages|tea
280|Makeup Remover Cleansing Towelettes|personal care|facial care
281|Chai Tea Bags|beverages|tea
282|Oh My Cod! Cod Pate and Vegetables Cat Food|pets|dog food care
283|Organic Whole Wheat Elbows|dry goods pasta|dry pasta
284|Organic Spicy Heirloom Marinara Sauce|dry goods pasta|pasta sauce
285|Mini Nilla Wafers Munch Pack|snacks|cookies cakes
286|Lite Poppy Seed Dressing Lite|pantry|salad dressing toppings
287|Turkey|deli|lunch meat
288|Original Sprouted Grains Protein & Fiber Hot Oatmeal|breakfast|hot cereal pancake mixes
289|100% Juice No Sugar Added Fruit Punch|beverages|juice nectars
290|Organic Peppermint Lemonade|beverages|refrigerated
291|Mint Dental Floss|personal care|oral hygiene
292|Fresh Multi-Purpose Contact Lens Solution|personal care|eye ear care
293|Prime Filets Chicken & Tuna Dinner in Gravy Cat Food|pets|cat food care
294|Minis Original Saltine Crackers|snacks|crackers
295|Chewables Extra Strength Cherry Creme - 48 CT|personal care|digestion
296|For Men Odor Armor Body Wash|personal care|body lotions soap
297|Write Bros Ball Point Pens, Cap-Pen, Medium (1.0 mm), Black Ink|missing|missing
298|Brisk With Lemon Iced Tea|beverages|tea
299|Organic Apple Spinach Kale Coconut Water Superjuice|beverages|juice nectars
300|Organic Enriched Unbleached White Flour|pantry|baking ingredients
301|Biotin 10,000mcg Maximum Strength|personal care|vitamins supplements
302|Gourmet Dog Treats Bone|pets|dog food care
303|Candy, Original|snacks|candy chocolate
304|Dry Roasted Pistachios|snacks|nuts seeds dried fruit
305|Wild Forest Raw Neem Honey|pantry|honeys syrups nectars
306|Gold Potatoes|produce|fresh vegetables
307|Precious Mozzarella Cheese|dairy eggs|packaged cheese
308|Advanced Haircare Color Vibrancy Nourishing Shampoo|personal care|hair care
309|Graduates Lil' Entrees Spiral Pasta In Turkey Meat Sauce With Green & Yellow Beans|babies|baby food formula
310|Crackers, Puffed, Corn, Quinoa & Sesame|snacks|crackers
311|Naturals Savory Turkey Breakfast Sausage|frozen|frozen breakfast
312|Juicing Carrots|produce|fresh vegetables
313|Peppermint/Banana Split Variety Pack Frozen Dairy Dessert Cones|frozen|ice cream ice
314|Extra Whitening Multi-Benefit Fluoride Toothpaste|personal care|oral hygiene
315|Creamy Italian Dressing Marinade|pantry|salad dressing toppings
316|Revive Anti-Perspirant Deodorant|personal care|deodorants
317|Best Grains Honey & Crunch Oat Bread|bakery|bread
318|Apple Cinnamon Crisp Candle|household|air fresheners candles
319|Steamfresh Chef's Favorites Lightly Sauced Roasted Red Potatoes & Green Beans|frozen|frozen produce
320|Glycerine Soap, Pure and Natural, Cucumber|personal care|soap
321|Echinacea Goldenseal Alcohol Free Extract|personal care|vitamins supplements
322|Brooklyn Pizza Dough|frozen|frozen pizza
323|Natural Food Color Packets|pantry|baking ingredients
324|Strong & Kind Roasted Jalapeno Almond Protein Bar|snacks|energy granola bars
325|Veggie-Style Mini Corn Dogs|frozen|frozen vegan vegetarian
326|Deluxe Sauce Made with 2% Milk Cheese Macaroni & Cheese Dinner|dry goods pasta|instant foods
327|Green Peas, Organic, Petite|frozen|frozen produce
328|Disinfectant Spray Cherry Blossom & Pomegranate Scent|household|air fresheners candles
329|Organic Whole Grassmilk Milk|dairy eggs|milk
330|Chilpotles in Adobo Sauce|international|latino foods
331|Organic Lemon Gingersnap|snacks|cookies cakes
332|Raspberry Fig Bars|snacks|energy granola bars
333|Basil Daly Bar Soap|personal care|soap
334|Sparkling Raspberry Lemonade Water Beverage|beverages|water seltzer sparkling water
335|Blueberry Kombucha|beverages|refrigerated
336|Black Currant Kombucha|beverages|refrigerated
337|Soap, Pure-Castile, 18-in-1 Hemp, Lavender|personal care|soap
338|Yahrzeit Light Memorial Candle|international|kosher foods
339|Creamline Yogurt Wild Blueberry|dairy eggs|yogurt
340|Eco-Pac Kamut Puffs Cereal|breakfast|cereal
341|Cheese Creations Four Cheese Cheese Sauce|dry goods pasta|pasta sauce
342|Complete Health Deboned Chicken, Chicken Meal and Rice Cat Food|pets|cat food care
343|Organic Whole Peeled Baby Carrots|produce|packaged vegetables fruits
344|Lime Sherbet|frozen|ice cream ice
345|Extra Strength Berry|beverages|energy sports drinks
346|Sunflower Bread|bakery|bread
347|Vegetable Salad Kit, Sweet Kale|produce|packaged vegetables fruits
348|Super Slimming Herbal Tea|beverages|tea
349|Organic Granulated Tapioca|pantry|baking ingredients
350|Mixed 12 Pack Lion's Share Ale|alcohol|beers coolers
351|Go Fresh Nutrium Moisture Body Wash Blue Fig & Orange Blossom Scent|personal care|body lotions soap
352|Colby Jack & Mild Cheddar Combo Pack|dairy eggs|packaged cheese
353|Tzatziki Greek Yogurt Dip|deli|fresh dips tapenades
354|Twist n Loc Small Round Containers + Lids|household|food storage
355|Ground Flaxseed With Mixed Berries|snacks|nuts seeds dried fruit
356|Ristorante Pizza Spinaci Thin Crust Pizza|frozen|frozen pizza
357|White Writing Gel|pantry|baking supplies decor
358|Frozen All Butter Pound Cake|frozen|frozen dessert
359|Deli Thin-Sliced Honey Ham|deli|lunch meat
360|Whole Wheat Spanakopita|frozen|frozen appetizers sides
361|Day and Night Multi-Symptom and Severe Cold & Cough Pain Reliever/Fever Reducer|personal care|cold flu allergy
362|Pound Cake Cake Mix|pantry|doughs gelatins bake mixes
363|Water Crackers Original All Natural|snacks|crackers
364|Greener Selection Salad|produce|packaged vegetables fruits
365|Cheerios Cereal|breakfast|cereal
366|Vitamin C 1000 Mg Tropical Drink Mix Dietary Supplement|personal care|vitamins supplements
367|Ultimate Omega 1000 mg Lemon Soft Gels|personal care|vitamins supplements
368|Fabric Softener Dryer Sheet Free & Gentle 200CT Fabric Enhancers|household|laundry
369|New Mexico Chili|international|latino foods
370|Chocolate Caramel Whey Protein Bar|snacks|energy granola bars
371|Juniper Berry Soda|beverages|soft drinks
372|Moisture Rich Sweet Orange & Argan Conditioner|personal care|hair care
373|Honey Glazed Carrots|frozen|frozen produce
374|Sliced Kosher Salami|deli|lunch meat
375|Multigrain Spaghetti Style Pasta|dry goods pasta|dry pasta
376|Even & Bright Pink Lemon and Mandarin Orange Body Wash|personal care|body lotions soap
377|Chunky Beef with Vegetables & Brown Rice Dog Food|pets|dog food care
378|Powerball Quantum Max Shine & Protect Automatic Dishwasher Detergent|household|dish detergents
379|Super Dry Beer|alcohol|beers coolers
380|Clementine Bag|produce|packaged vegetables fruits
381|Toaster Pops Strawberry|frozen|frozen breakfast
382|Sugar Free Mint Patties|snacks|candy chocolate
383|Breaded Chicken Breast Tenders|frozen|frozen meat seafood
384|EverCurl Hydracharge Conditioner|personal care|hair care
385|Liquid Drink Mix Blackberry Lemonade|beverages|cocoa drink mixes
386|Real Chicken & Veggies Recipe Dog Food|pets|dog food care
387|Chocolate Brownie Flavor Protein Bar|snacks|energy granola bars
388|Stove Top Stuffing Mix for Turkey|dry goods pasta|instant foods
389|Mache Blend|produce|packaged vegetables fruits
390|Super Enzymes|personal care|vitamins supplements
391|Organic Yukon Gold Potato Bag|produce|fresh vegetables
392|OPA Greek Yogurt Ranch Dressing|pantry|salad dressing toppings
393|Phoenix Anti-Perspirant & Deodorant Stick Twin Pack|personal care|deodorants
394|Aquaphor Healing Ointment|personal care|body lotions soap
395|Sweet Cream Buttermilk Powder|pantry|baking ingredients
396|Cashews Natural Unsalted|frozen|ice cream ice
397|Pure Granulated Cane Sugar|pantry|baking ingredients
398|Organic Hard Candy Blood Orange and Honey|snacks|candy chocolate
399|Organic Strawberry Lemon-ade|beverages|refrigerated
400|Grass-Fed Yogurt Blueberry Cardamom|dairy eggs|yogurt
401|Flat Floss, Antiplaque, Naturally Waxed, Spearmint|personal care|oral hygiene
402|100% Pure Beef Homestyle Patties|frozen|frozen meat seafood
403|Ultra Thin Pastrami|deli|lunch meat
404|Reg; Organic Apple Cider Vinegar 16 Fl Oz|pantry|oils vinegars
405|100% Organic Diced Tomatoes|canned goods|canned jarred vegetables
406|Vanilla Almond Protein Bar|snacks|energy granola bars
407|Almond Glow Almond Body Lotion/Massage Oil|personal care|skin care
408|Pink Vitamin C 1000 Mg Pink Lemonade Drink Mix|personal care|vitamins supplements
409|Original Bite Size Candies Natural & Artificial Flavors Fun Size|snacks|candy chocolate
410|Holiday Sugar Plum Spice Herbal Tea|beverages|tea
411|Super Plus Cardboard Applicator Unscented Tampons|personal care|feminine care
412|Brazilian Keratin & Argan Oil Leave-In Conditioning & Styling Elixir|personal care|hair care
413|Dual Action Beta Immune and Anti-Oxidant Effervescent Citrus|personal care|cold flu allergy
414|Gluten Free Chicken Rustica Pizza|frozen|frozen pizza
415|16 oz Cold Cups|household|plates bowls cups flatware
416|Laundry Soil Stain Remover|household|laundry
417|Classics Baby Binks Easter Chocolate Bunny|missing|missing
418|Whole Grain Linguine Pasta|dry goods pasta|dry pasta
419|Light & Fit Strawberry Cheesecake Greek Nonfat Yogurt|dairy eggs|yogurt
420|International Cafe French Vanilla Mix|beverages|coffee
421|Garlic & Herb Fresh Goat Cheese|dairy eggs|packaged cheese
422|Mix-Up Flamin' Hot & Cheezy Mix Flavored Snack Mix|snacks|chips pretzels
423|Red Jalapeno Caesar Dressing|pantry|salad dressing toppings
424|Linguine Pasta|dry goods pasta|dry pasta
425|Sardines in Water Salt Added|international|kosher foods
426|2nd Foods Bananas|babies|baby food formula
427|Italian Style Panko Breadcrumbs|pantry|marinades meat preparation
428|Everyday Mega Pack Paper Plates|household|plates bowls cups flatware
429|Dark Red Kidney Beans|canned goods|canned meals beans
430|Born Yesterday Pale Ale|alcohol|beers coolers
431|Ice Cream, Cookies & Cream|frozen|ice cream ice
432|Vanilla Almond Breeze Almond Milk|dairy eggs|soy lactosefree
433|Organic Whole Granulation Roasted Buckwheat Groats|snacks|chips pretzels
434|Beach Sage Liquid Fabric Softener|household|laundry
435|Dark Chocolate Raisins|snacks|fruit vegetable snacks
436|Petite Brussels Sprouts|frozen|frozen produce
437|Strawberry Cheesecake Nonfat Yogurt|missing|missing
438|Special K Vanilla Cappuccino Protein Breakfast Shakes|breakfast|breakfast bars pastries
439|Crispy Cinnamon Pear Chips|snacks|fruit vegetable snacks
440|Crossovers Olive Thyme Almond|missing|missing
441|Antioxidant Cranberry Body Wash|personal care|soap
442|Sliced Chicken Entree Cat Food|pets|cat food care
443|Ultra Power Plus Laundry Detergent 54 loads|household|laundry
444|Special Recipe Italian Bread|bakery|bread
445|Almond Honey Protein+ Bar|snacks|energy granola bars
446|Blueberry Pomegranate Acaí Cultured Goat Milk Kefir|dairy eggs|yogurt
447|Tea, Superflower, Hibiscus, Blueberry, Caffeine-Free, Bags|beverages|tea
448|White Chicken Chili|canned goods|canned meals beans
449|Chips Ahoy! Chewy Cookies|snacks|cookies cakes
450|Chow Mein Thin Noodles|dry goods pasta|instant foods
451|Almond Spread, Dark Chocolate|pantry|spreads
452|Sleepytime Sinus Soother Herbal Tea|beverages|tea
453|Hummus Wrap|deli|prepared meals
454|Sloppy Joe Sauce|pantry|preserved dips spreads
455|Ibuprofen Liquid Gels|personal care|muscles joints pain relief
456|Sparkling Blueberry|beverages|soft drinks
457|Whole Wheat Fig Bar|breakfast|breakfast bars pastries
458|Total Advanced Floss Tip Medium Toothbrush|personal care|oral hygiene
459|Honey Vanilla Greek Yogurt|dairy eggs|yogurt
460|Acai Dragonfruit Melon Green Tea|beverages|tea
461|Sore Throat Wild Cherry Lozenges|personal care|cold flu allergy
462|Fiber 4g Gummy Dietary Supplement|personal care|digestion
463|Salt Free Seasoning|pantry|spices seasonings
464|Liquid Water Enhancer Peach Green Tea With Ginseng & Honey|beverages|cocoa drink mixes
465|100% Natural Just Peaches|snacks|fruit vegetable snacks
466|Old Fashioned Vegetable Beef Soup|canned goods|soup broth bouillon
467|Soup, Lower Sodium, Organic, Split Pea|canned goods|soup broth bouillon
468|Kabocha Squash|produce|fresh vegetables
469|Whipping Cream|dairy eggs|cream
470|Lite Beer|alcohol|beers coolers
471|Half 'n Half Lemonade Tea|beverages|tea
472|Fancy Diced Hot Chilies|missing|missing
473|Plastic Measuring Cups|household|kitchen supplies
474|Lavender Body Wash|personal care|soap
475|Organic Reposado Tequila|alcohol|spirits
476|Chub Mackerel|canned goods|canned meat seafood
477|Naturally Aged Cheddar Cheese Block Hot Habanero|dairy eggs|packaged cheese
478|Organic Pitted Kalamata Olives|pantry|pickled goods olives
479|Most Wanted Cabernet Sauvignon Red Wine|alcohol|red wines
480|Slow Churned Mint Chocolate Chip Ice Cream|frozen|ice cream ice
481|Black Peppercorns|pantry|spices seasonings
482|Gentle Clean Foaming Face Cleanser, 6.7 fl oz Female Skin Care|personal care|facial care
483|\""Constant Comment\"" Decaffeinated Black Tea Blend|beverages|tea
484|Plain Greek Goat Yogurt|dairy eggs|yogurt
485|Country Stew Choice Cuts In Gravy Dog Food|pets|dog food care
486|Lowfat Raspberry Kefir Probiotic Cultured Milk Smoothie|dairy eggs|yogurt
487|Can/Bottle Opener, Chrome|household|kitchen supplies
488|Organic Orange Turmeric Juice|beverages|refrigerated
489|Dough for Turnover Pastries|frozen|frozen breads doughs
490|Gin Gins Candy|snacks|candy chocolate
491|Pompelmo Water|missing|missing
492|Couscous, Israeli, Garlic Jalapeno|dry goods pasta|grains rice dried goods
493|Pear and Blueberry Baby Breakfast|babies|baby food formula
494|Yellow Cherry Tomato|produce|fresh vegetables
495|Pure Cane Granulated W/Spout Sugar|pantry|baking ingredients
496|Designer 9 Oz. Paper Cups|household|plates bowls cups flatware
497|Mascarpone Pistachio Caramel Gelato|frozen|ice cream ice
498|Daily Moisture Shampoo|personal care|hair care
499|Aspirin 325 Mg|personal care|muscles joints pain relief
500|Non-Scratch Scrub Sponges|household|cleaning products
